Impressions,Clicks,Spent,age,gender,interest,xyz_campaign_id,fb_campaign_id,actual_conversion,predicted_conversion,conversion_probability,conversion_potential
548250,137,201.6000042,45-49,F,10,1178,144722,1,1,51.67,Medium Potential
13479,3,4.25,30-34,F,26,936,108761,0,0,25.67,Low Potential
1338,0,0.0,40-44,F,64,936,109844,0,0,43.0,Medium Potential
4608,0,0.0,30-34,M,29,936,115882,0,0,24.33,Low Potential
2459,0,0.0,35-39,F,15,936,116059,0,0,23.0,Low Potential
47929,12,14.58999991,40-44,F,7,1178,144720,1,0,22.33,Low Potential
41030,3,5.140000105,30-34,M,27,1178,144549,1,0,7.67,Low Potential
1109387,159,280.9899995,30-34,M,28,1178,144552,1,1,99.33,High Potential
708,0,0.0,40-44,F,21,936,108804,1,0,9.0,Low Potential
43756,5,5.439999938,30-34,M,16,936,115510,0,0,46.0,Medium Potential
40998,10,13.35000038,45-49,F,21,1178,144728,0,0,46.0,Medium Potential
8587,0,0.0,30-34,F,63,1178,144666,0,0,25.0,Low Potential
441192,53,77.59999979,35-39,F,113,1178,179951,1,1,81.67,High Potential
780967,86,119.6400018,30-34,F,107,1178,179930,1,1,62.67,Medium Potential
127476,21,30.15000057,35-39,M,20,1178,144577,1,1,55.0,Medium Potential
378171,70,109.2500008,45-49,M,18,1178,144625,0,1,62.0,Medium Potential
962,0,0.0,30-34,M,36,936,108672,0,1,59.33,Medium Potential
286553,34,62.06000042,30-34,M,21,1178,144537,1,1,79.0,High Potential
699314,164,226.0300014,45-49,F,16,1178,144724,0,1,62.0,Medium Potential
190477,42,66.38999987,40-44,F,21,1178,144703,0,1,54.33,Medium Potential
77794,14,19.11000001,40-44,M,31,1178,144613,1,1,75.33,High Potential
223120,40,67.66999984,35-39,M,23,1178,144580,0,1,90.67,High Potential
7589,2,3.150000095,45-49,F,16,936,123671,1,0,34.33,Low Potential
1746,0,0.0,30-34,M,10,936,110836,0,1,55.67,Medium Potential
3047,1,1.379999995,40-44,M,24,936,115675,0,0,46.67,Medium Potential
5307,3,4.289999962,45-49,F,26,936,123627,1,0,40.33,Medium Potential
433658,82,158.5999998,45-49,M,32,1178,144639,1,1,75.67,High Potential
1514,0,0.0,30-34,M,29,936,123551,1,1,71.67,High Potential
3343,1,0.540000021,30-34,F,20,936,109698,0,0,29.67,Low Potential
260945,73,100.8800011,45-49,F,20,1178,144727,1,0,40.33,Medium Potential
31393,8,10.96000051,30-34,F,10,936,110932,1,1,51.67,Medium Potential
17488,5,7.719999909,40-44,M,63,936,115580,0,0,35.0,Low Potential
1267550,123,236.7699986,30-34,M,15,1178,144532,1,1,100.0,High Potential
227473,52,71.58000052,35-39,F,26,1178,144683,1,1,86.33,High Potential
8077,2,3.579999924,35-39,M,27,936,115900,1,0,36.0,Low Potential
45199,7,9.809999943,30-34,F,7,1178,144670,0,0,29.0,Low Potential
391998,97,142.0500025,45-49,F,63,1178,144741,1,1,64.67,Medium Potential
1491,0,0.0,30-34,F,63,936,110951,1,1,75.0,High Potential
244074,57,84.51000023,35-39,F,21,1178,144678,1,1,70.0,High Potential
685211,164,247.3200026,45-49,F,18,1178,144725,1,1,60.67,Medium Potential
343,0,0.0,30-34,M,20,936,123445,1,0,26.67,Low Potential
187468,34,50.72000062,30-34,F,30,1178,144662,1,0,33.67,Low Potential
2214,0,0.0,30-34,M,31,936,115866,0,1,50.33,Medium Potential
7573,0,0.0,35-39,M,26,1178,144583,0,0,15.67,Low Potential
104578,29,39.25000095,45-49,F,16,936,116535,1,0,18.33,Low Potential
9076,1,1.379999995,30-34,F,29,936,116244,1,0,40.33,Medium Potential
938283,134,248.6400001,45-49,M,16,1178,144624,1,1,100.0,High Potential
60314,11,16.93999958,45-49,M,28,1178,144635,1,0,23.33,Low Potential
76014,16,22.67000031,45-49,M,65,1178,144643,1,0,41.0,Medium Potential
8774,1,1.830000043,30-34,F,15,936,115521,0,0,41.33,Medium Potential
41785,14,19.10000038,35-39,F,64,936,115898,0,0,29.67,Low Potential
2967,1,1.5,40-44,M,10,936,123573,1,0,40.33,Medium Potential
20409,4,3.829999924,30-34,F,29,936,116077,0,0,48.0,Medium Potential
7449,1,1.639999986,35-39,F,10,936,116371,1,0,25.33,Low Potential
53933,6,9.929999948,35-39,M,36,1178,144590,1,1,64.0,Medium Potential
770749,100,189.1299984,35-39,M,10,1178,144572,1,1,96.0,High Potential
975792,210,293.8800011,35-39,F,63,1178,144691,1,1,88.67,High Potential
46150,15,20.17999983,45-49,F,10,936,109848,1,0,33.0,Low Potential
64020,5,11.0599997,30-34,M,31,1178,144558,0,1,62.0,Medium Potential
606786,127,179.050001,30-34,F,28,1178,144660,1,1,63.67,Medium Potential
276762,22,32.09000015,30-34,M,113,1178,179876,1,1,72.0,High Potential
3423,0,0.0,30-34,M,16,936,123457,1,1,55.33,Medium Potential
652,0,0.0,35-39,F,36,936,108792,0,0,30.67,Low Potential
162341,56,77.07999969,45-49,F,29,936,116183,0,0,46.0,Medium Potential
1358324,346,465.0799981,45-49,F,10,1178,144722,1,0,46.67,Medium Potential
498,0,0.0,35-39,F,32,936,108791,1,0,30.67,Low Potential
8316,3,4.569999933,40-44,F,32,936,116303,1,0,28.0,Low Potential
26316,2,3.24000001,30-34,M,26,1178,144547,0,0,6.67,Low Potential
275930,30,46.77999997,30-34,F,16,1178,144649,1,1,90.0,High Potential
14289,0,0.0,30-34,M,31,1178,144558,0,1,63.67,Medium Potential
848,0,0.0,40-44,F,10,936,123695,1,0,28.0,Low Potential
3149,1,1.480000019,40-44,F,10,936,123695,0,0,27.67,Low Potential
7550,1,1.679999948,45-49,F,29,936,115508,1,0,38.0,Low Potential
690373,91,159.5700021,30-34,F,18,1178,144650,1,1,97.67,High Potential
540,0,0.0,30-34,M,32,936,123523,1,0,8.33,Low Potential
20277,6,8.050000072,35-39,F,27,936,108786,0,1,57.0,Medium Potential
6184,2,2.75,30-34,M,26,936,115912,1,1,57.67,Medium Potential
101856,16,25.22000039,30-34,F,30,1178,144662,1,1,72.33,High Potential
3732,0,0.0,35-39,M,29,936,115890,0,0,7.33,Low Potential
1030,0,0.0,35-39,F,23,936,116163,1,0,19.67,Low Potential
178455,20,31.5400002,30-34,F,16,1178,144649,1,1,86.0,High Potential
2764,1,1.559999943,30-34,F,28,936,123750,1,0,41.0,Medium Potential
4016,2,1.480000049,40-44,M,2,936,110882,1,0,47.67,Medium Potential
447420,66,110.2399991,30-34,M,64,1178,144567,1,1,91.0,High Potential
926,0,0.0,40-44,F,28,936,108811,0,0,13.67,Low Potential
850337,198,287.690003,45-49,F,16,1178,144724,1,1,64.67,Medium Potential
1909,1,0.980000019,45-49,M,21,936,123509,0,0,24.67,Low Potential
169588,16,27.79999924,30-34,M,22,1178,144538,0,1,78.67,High Potential
4827,0,0.0,30-34,M,15,936,116589,0,0,33.67,Low Potential
371,0,0.0,45-49,M,19,936,108730,0,0,33.67,Low Potential
114370,18,33.65999997,45-49,M,23,1178,144630,0,0,40.33,Medium Potential
1772,0,0.0,30-34,M,10,936,108654,1,0,47.33,Medium Potential
12190,2,3.049999952,35-39,M,16,916,104013,0,1,83.0,High Potential
57781,5,7.800000072,30-34,M,28,1178,144552,1,0,39.0,Low Potential
152454,22,37.84999979,35-39,M,7,1178,144595,1,1,72.33,High Potential
240497,36,51.84000087,30-34,F,27,1178,144659,0,0,39.67,Low Potential
935646,170,256.4699982,30-34,F,27,1178,144659,1,1,96.67,High Potential
47229,13,19.27999985,40-44,F,31,1178,144713,0,0,50.0,Medium Potential
108426,13,19.58000016,45-49,M,112,1178,179920,0,0,46.67,Medium Potential
1217,0,0.0,30-34,M,10,936,123460,1,1,57.67,Medium Potential
17662,2,3.189999938,45-49,M,20,1178,144627,0,0,22.33,Low Potential
104648,24,33.33000004,35-39,F,16,936,108776,1,0,43.33,Medium Potential
107671,20,29.91000021,45-49,M,20,1178,144627,1,0,31.33,Low Potential
69708,20,31.28999949,45-49,F,15,936,108823,0,0,22.0,Low Potential
1662,0,0.0,35-39,M,29,936,110874,1,0,34.0,Low Potential
42563,5,9.659999847,40-44,M,19,1178,144601,1,1,59.0,Medium Potential
906151,202,295.5499957,45-49,F,16,1178,144724,0,1,70.0,High Potential
92263,24,34.03000015,40-44,F,31,1178,144713,0,1,76.33,High Potential
5704,1,1.320000052,30-34,F,18,936,116483,0,0,39.67,Low Potential
10090,2,2.650000095,40-44,M,29,936,115854,1,0,40.0,Medium Potential
191223,48,76.41000056,45-49,F,10,936,115487,0,0,35.0,Low Potential
15513,1,1.289999962,35-39,M,31,1178,144588,0,0,30.67,Low Potential
5117,0,0.0,30-34,M,16,916,103965,0,0,16.0,Low Potential
558666,110,162.6399975,45-49,F,104,1178,179972,1,1,77.67,High Potential
699,0,0.0,35-39,F,15,936,123643,0,0,43.0,Medium Potential
50947,10,15.99000025,45-49,M,2,1178,144644,0,0,39.33,Low Potential
33445,2,3.199999928,30-34,M,100,1178,179863,0,1,78.67,High Potential
1961,0,0.0,30-34,F,20,936,116123,0,0,29.67,Low Potential
1055017,265,380.6599952,45-49,F,27,1178,144734,1,1,81.0,High Potential
693,0,0.0,30-34,M,20,916,103920,0,0,50.0,Medium Potential
355165,81,128.6099997,45-49,M,24,1178,144631,1,0,26.67,Low Potential
493,0,0.0,30-34,F,30,936,110947,0,0,43.0,Medium Potential
212508,33,47.69000006,45-49,F,108,1178,179976,1,1,57.0,Medium Potential
150858,21,30.26000011,45-49,M,114,1178,179922,0,0,41.67,Medium Potential
107100,23,33.71000051,45-49,F,106,1178,179974,0,1,62.67,Medium Potential
450,0,0.0,45-49,M,26,936,110919,1,1,58.67,Medium Potential
7301,0,0.0,30-34,F,16,936,116501,0,0,24.33,Low Potential
3091,1,1.610000014,30-34,F,32,916,104220,1,0,49.67,Medium Potential
463813,69,116.3399996,40-44,M,10,1178,144597,1,1,93.33,High Potential
8817,0,0.0,30-34,M,16,936,115541,1,0,32.33,Low Potential
334945,72,120.2999994,45-49,M,19,1178,144626,1,0,47.0,Medium Potential
7073,0,0.0,40-44,M,21,1178,144603,0,0,32.33,Low Potential
103001,14,22.32000005,30-34,M,64,1178,144567,0,1,64.33,Medium Potential
18421,7,10.07999992,35-39,F,27,936,116363,0,0,19.67,Low Potential
7116,2,1.730000019,35-39,F,15,936,116059,1,0,24.0,Low Potential
1137635,211,301.0499992,40-44,F,112,1178,179965,1,0,45.67,Medium Potential
496760,42,61.00999904,30-34,M,107,1178,179870,1,1,77.33,High Potential
1783,0,0.0,30-34,F,32,936,116405,0,0,19.33,Low Potential
38726,7,9.220000267,30-34,F,16,916,104229,0,1,79.0,High Potential
1884,1,1.409999967,40-44,M,36,936,123516,0,0,44.0,Medium Potential
791817,194,282.490001,45-49,F,18,1178,144725,1,1,58.0,Medium Potential
1888,0,0.0,30-34,M,29,936,109473,0,0,18.0,Low Potential
131060,16,28.04999959,35-39,M,18,1178,144575,1,1,85.0,High Potential
5040,1,1.440000057,30-34,F,63,936,116397,0,0,49.67,Medium Potential
1473,0,0.0,30-34,F,18,916,104230,0,0,28.33,Low Potential
2963,0,0.0,30-34,F,28,936,116240,0,0,47.0,Medium Potential
7709,2,1.320000052,40-44,M,29,936,108716,0,0,34.33,Low Potential
172827,25,38.42000043,40-44,M,29,1178,144611,0,1,72.0,High Potential
1120,0,0.0,30-34,M,18,936,123443,0,1,61.0,Medium Potential
188440,40,60.72999966,40-44,M,65,1178,144618,1,1,71.33,High Potential
128595,23,36.4800005,40-44,M,2,1178,144619,1,1,52.0,Medium Potential
843,0,0.0,30-34,F,27,936,123664,0,0,47.33,Medium Potential
20959,2,3.769999981,35-39,M,63,1178,144591,1,0,15.33,Low Potential
19353,6,9.4799999,45-49,M,64,936,115535,1,0,21.0,Low Potential
111090,38,51.97000027,45-49,F,26,936,109859,1,0,44.33,Medium Potential
5323,1,1.289999962,30-34,F,64,936,108770,1,1,51.67,Medium Potential
41111,8,10.96000016,35-39,F,28,1178,144685,0,0,33.0,Low Potential
66765,8,11.04999971,30-34,F,16,936,115523,0,1,65.0,Medium Potential
399199,58,103.1500002,30-34,M,20,1178,144536,0,1,52.0,Medium Potential
616,0,0.0,30-34,M,64,936,123484,0,0,24.33,Low Potential
3242,0,0.0,30-34,M,16,936,123457,0,1,62.0,Medium Potential
28488,10,9.340000033,30-34,F,22,936,110939,0,0,37.0,Low Potential
14257,6,8.789999962,45-49,F,20,936,108827,0,0,43.33,Medium Potential
1422,0,0.0,35-39,M,15,916,104012,1,1,55.67,Medium Potential
20997,10,11.94999981,45-49,F,16,936,123671,0,0,21.0,Low Potential
6585,2,2.950000048,35-39,F,26,936,110967,0,0,39.0,Low Potential
133419,35,48.18000007,40-44,F,28,1178,144710,1,0,34.33,Low Potential
38580,5,8.519999981,35-39,M,66,1178,144596,0,1,74.33,High Potential
147551,22,38.50000083,45-49,M,29,1178,144636,0,0,46.33,Medium Potential
1247717,222,343.4199994,35-39,F,16,1178,144674,1,1,94.67,High Potential
152,0,0.0,30-34,M,65,936,123532,1,1,75.67,High Potential
4423,1,1.460000038,35-39,M,10,936,108678,1,1,63.0,Medium Potential
128386,15,28.85000002,30-34,M,20,1178,144536,1,1,84.0,High Potential
107548,19,29.31000018,30-34,F,24,1178,144656,0,1,73.33,High Potential
54724,12,17.92999995,45-49,F,16,936,116279,1,0,13.67,Low Potential
280240,61,87.99000168,40-44,F,109,1178,179962,1,0,40.33,Medium Potential
76355,9,14.62999988,35-39,M,19,1178,144576,0,0,30.33,Low Potential
3277,2,2.680000067,45-49,F,27,936,123723,0,0,41.0,Medium Potential
119772,20,33.46999907,30-34,F,21,1178,144653,1,1,81.0,High Potential
157534,33,56.19000077,45-49,M,16,936,115715,0,0,31.0,Low Potential
11182,4,4.449999809,35-39,F,29,936,110970,0,1,64.67,Medium Potential
14167,5,7.139999986,45-49,F,24,1178,144731,0,0,33.33,Low Potential
282899,71,105.6600007,45-49,F,25,1178,144732,0,0,27.33,Low Potential
1050947,230,350.5099957,35-39,F,27,1178,144684,1,1,94.67,High Potential
105399,22,33.19999933,35-39,F,30,1178,144687,0,1,62.33,Medium Potential
13621,3,4.090000033,30-34,F,64,936,116218,0,0,35.33,Low Potential
323899,46,78.9200002,30-34,M,20,1178,144536,1,1,84.67,High Potential
790253,135,198.7100005,45-49,F,113,1178,179981,1,1,80.0,High Potential
5264,0,0.0,30-34,F,2,1178,144669,0,1,52.33,Medium Potential
19603,4,5.279999971,40-44,M,29,936,115641,1,0,43.33,Medium Potential
175389,55,81.60999787,45-49,F,26,936,115512,0,0,32.33,Low Potential
283858,30,56.05999923,30-34,M,27,1178,144549,0,1,72.0,High Potential
1357386,223,323.0600071,40-44,F,108,1178,179961,1,0,43.33,Medium Potential
25382,7,9.609999895,40-44,F,21,1178,144703,0,1,58.67,Medium Potential
582725,142,194.8099988,40-44,F,15,1178,144698,1,1,71.67,High Potential
559,0,0.0,35-39,M,7,916,104034,0,0,37.33,Low Potential
854940,227,297.9100007,45-49,F,29,1178,144736,1,1,76.67,High Potential
208572,36,60.76000023,40-44,M,32,1178,144614,1,1,65.33,Medium Potential
904907,195,279.219995,45-49,F,100,1178,179968,1,1,86.67,High Potential
124005,11,21.84999979,30-34,M,63,1178,144565,1,1,64.67,Medium Potential
304680,59,98.55000019,40-44,M,20,1178,144602,0,1,71.0,High Potential
120251,26,39.44000006,45-49,M,28,1178,144635,0,1,50.67,Medium Potential
475184,88,127.3200028,35-39,F,109,1178,179947,1,1,63.33,Medium Potential
114923,12,23.73000026,30-34,M,21,1178,144537,1,1,80.67,High Potential
9297,2,2.619999886,35-39,F,16,936,123641,1,0,47.0,Medium Potential
12396,2,3.210000038,30-34,M,16,936,123440,1,0,38.33,Low Potential
3989,1,1.279999971,30-34,F,7,936,115639,0,1,58.0,Medium Potential
39146,8,13.05999959,35-39,F,21,1178,144678,0,0,34.0,Low Potential
404866,43,87.42000079,30-34,M,32,1178,144561,0,1,82.33,High Potential
979,0,0.0,40-44,F,20,936,116553,0,0,14.33,Low Potential
113567,34,50.29000044,45-49,F,30,1178,144737,0,0,46.67,Medium Potential
107501,27,40.87999928,40-44,F,23,1178,144705,1,0,40.0,Medium Potential
436943,109,145.8199974,45-49,F,22,1178,144729,1,1,80.0,High Potential
329333,48,67.60999918,40-44,F,102,1178,179955,0,1,60.0,Medium Potential
198658,30,48.60999978,30-34,M,30,1178,144556,1,1,68.67,Medium Potential
180815,31,42.62999976,40-44,M,22,1178,144604,0,0,27.33,Low Potential
24893,2,3.75,30-34,F,63,1178,144666,0,1,56.67,Medium Potential
9750,2,1.5,35-39,M,10,936,115586,1,0,38.67,Low Potential
222378,50,72.91000104,35-39,F,32,1178,144689,0,1,86.33,High Potential
82455,15,22.04999971,30-34,F,2,1178,144669,0,1,57.67,Medium Potential
2226,0,0.0,35-39,F,16,936,123729,0,0,25.33,Low Potential
705712,98,147.339999,30-34,F,16,1178,144649,1,1,94.67,High Potential
228629,38,57.0,40-44,F,105,1178,179958,0,1,64.33,Medium Potential
98759,15,26.56999946,30-34,M,19,1178,144535,1,1,77.33,High Potential
2563,1,1.480000019,35-39,F,27,936,123706,0,0,33.33,Low Potential
7350,1,1.429999948,30-34,M,15,916,103916,1,0,38.0,Low Potential
15645,4,5.349999905,30-34,F,28,936,116081,0,1,53.33,Medium Potential
81569,6,9.409999967,35-39,F,112,1178,179950,1,0,47.0,Medium Potential
23973,3,4.820000052,45-49,M,36,1178,144640,1,0,13.33,Low Potential
